{
    "train_loss": [
        0.685662303515843,
        0.6374751576014928,
        0.5621992707252502,
        0.5150977105413165,
        0.5019155737331935,
        0.49118094423839026,
        0.4657745338508061,
        0.4325924587249756,
        0.39688007416043963,
        0.3868068910666875,
        0.3758434823240553,
        0.3850808231489999,
        0.36273365265982493,
        0.35390805691480637,
        0.3448863493885313,
        0.3419032256603241,
        0.3359975915295737,
        0.33363123045648846,
        0.32979410701138634,
        0.33329939135483333,
        0.3124746046066284,
        0.3134073931319373,
        0.30572837647369927,
        0.30727112736872264,
        0.30954326249871933,
        0.31615253937244414,
        0.3024739810228348,
        0.3095969474996839,
        0.28989700627326964,
        0.28830522899968286,
        0.2877270122255598,
        0.28673790504251206,
        0.2864258269241878,
        0.29215632712841033,
        0.2908665246793202,
        0.2829891145059041,
        0.28668817009244646,
        0.29089916826997486,
        0.2897055467026574,
        0.27678941207272667,
        0.27293159822906765,
        0.2733386348230498,
        0.2731274182796478,
        0.27066525990622387,
        0.2747963814394815,
        0.2729968965734754,
        0.27204434359073637,
        0.27255641293525695,
        0.2720415532588959,
        0.27509924156325205
    ],
    "train_acc": [
        0.5605714285714286,
        0.6414285714285715,
        0.7331428571428571,
        0.7668571428571429,
        0.7723571428571429,
        0.7725714285714286,
        0.779,
        0.82,
        0.8467857142857143,
        0.8473571428571428,
        0.8507857142857143,
        0.8453571428571428,
        0.8533571428571428,
        0.8607857142857143,
        0.8704285714285714,
        0.8704285714285714,
        0.8747142857142857,
        0.8766428571428572,
        0.8726428571428572,
        0.8703571428571428,
        0.8797142857142857,
        0.8741428571428571,
        0.8803571428571428,
        0.8800714285714286,
        0.8784285714285714,
        0.8755,
        0.8846428571428572,
        0.8809285714285714,
        0.8872142857142857,
        0.8870714285714286,
        0.8878571428571429,
        0.8870714285714286,
        0.8867142857142857,
        0.8859285714285714,
        0.8871428571428571,
        0.8885714285714286,
        0.8864285714285715,
        0.8867857142857143,
        0.8866428571428572,
        0.8902142857142857,
        0.8933571428571428,
        0.8935714285714286,
        0.8937857142857143,
        0.8948571428571429,
        0.8905714285714286,
        0.8932857142857142,
        0.8922142857142857,
        0.8913571428571428,
        0.8937142857142857,
        0.8901428571428571
    ],
    "val_loss": [
        0.6836407906214396,
        0.5755041882197062,
        0.5581071716944377,
        0.48983696031570434,
        0.5236979029973348,
        0.5041020158131917,
        0.42488241640726726,
        0.385949742158254,
        0.3859794799486796,
        0.3590306838353475,
        0.34624135597546896,
        0.3473324560324351,
        0.35135710509618123,
        0.3239785850842794,
        0.3345362205505371,
        0.354556066830953,
        0.3237155884106954,
        0.405769601504008,
        0.3277845177650452,
        0.3266347403526306,
        0.2910902721087138,
        0.2981545753479004,
        0.31000266353289285,
        0.3013729036649068,
        0.33728208669026694,
        0.3289004009564718,
        0.2902790523370107,
        0.3143329683939616,
        0.31833804957071943,
        0.3213493660291036,
        0.2813620489438375,
        0.29343984723091127,
        0.2761352430184682,
        0.3482058572769165,
        0.2890715442498525,
        0.2824171105225881,
        0.28766326506932577,
        0.28363151733080544,
        0.29777463618914285,
        0.27725166034698484,
        0.2715526785055796,
        0.2976646384398142,
        0.2681369137763977,
        0.272051829179128,
        0.28822523268063865,
        0.2676700599193573,
        0.2879162080287933,
        0.26711562848091125,
        0.2805710918108622,
        0.27978851421674095
    ],
    "val_acc": [
        0.5666666666666667,
        0.7233333333333334,
        0.7443333333333333,
        0.7863333333333333,
        0.7516666666666667,
        0.7733333333333333,
        0.7843333333333333,
        0.8526666666666667,
        0.8483333333333334,
        0.8516666666666667,
        0.8596666666666667,
        0.8566666666666667,
        0.8576666666666667,
        0.8726666666666667,
        0.8646666666666667,
        0.867,
        0.8716666666666667,
        0.83,
        0.871,
        0.8683333333333333,
        0.8826666666666667,
        0.883,
        0.8756666666666667,
        0.8756666666666667,
        0.868,
        0.868,
        0.8803333333333333,
        0.874,
        0.8693333333333333,
        0.8783333333333333,
        0.8856666666666667,
        0.8866666666666667,
        0.8916666666666667,
        0.8633333333333333,
        0.881,
        0.888,
        0.8853333333333333,
        0.8856666666666667,
        0.8826666666666667,
        0.8883333333333333,
        0.8926666666666667,
        0.882,
        0.8936666666666667,
        0.887,
        0.8883333333333333,
        0.8903333333333333,
        0.8883333333333333,
        0.897,
        0.8876666666666667,
        0.8856666666666667
    ]
}