{
    "train_loss": [
        0.686891597884042,
        0.6143482181685311,
        0.50530428814888,
        0.4583012341090611,
        0.421639139345714,
        0.3178989677088601,
        0.25995776435307094,
        0.24331646927765438,
        0.22643345613139015,
        0.20850078544446402,
        0.1954585771560669,
        0.19920626891936574,
        0.18594251527956554,
        0.17928985315561294,
        0.16986429827979632,
        0.17338881837044443,
        0.16476329592402492,
        0.1626956162239824,
        0.16342976666774067,
        0.1543731867671013,
        0.15534532094427517,
        0.15538943344141756,
        0.15766904473091875,
        0.15192083735125406,
        0.14555948613371167,
        0.146382088384458,
        0.14717123458640916,
        0.1414843058096511,
        0.14010058887941496,
        0.13517269778038773,
        0.13459079460480383,
        0.13218423068629845,
        0.12684331649541855,
        0.11206234226801566,
        0.11170364902381386,
        0.10479706377110311,
        0.1008365945475442,
        0.09493860767196331,
        0.0994377003035375,
        0.09228376900191818,
        0.09016195138224534,
        0.10017597328019993,
        0.07760621448074069,
        0.07737222685265754,
        0.07754093267263046,
        0.07223847408220171,
        0.07528024479706905,
        0.0730249225489263,
        0.07359880272139396,
        0.07441811002844147
    ],
    "train_acc": [
        0.5648571428571428,
        0.6526428571428572,
        0.7697142857142857,
        0.7880714285714285,
        0.8063571428571429,
        0.8545,
        0.8817857142857143,
        0.8848571428571429,
        0.8898571428571429,
        0.8991428571428571,
        0.9044285714285715,
        0.9087142857142857,
        0.9097857142857143,
        0.9127142857142857,
        0.9212142857142858,
        0.9207142857142857,
        0.921,
        0.9238571428571428,
        0.9200714285714285,
        0.9262142857142858,
        0.9265,
        0.9255,
        0.9259285714285714,
        0.9283571428571429,
        0.9325,
        0.9293571428571429,
        0.9322142857142857,
        0.9365714285714286,
        0.9383571428571429,
        0.9393571428571429,
        0.9422857142857143,
        0.9426428571428571,
        0.946,
        0.9538571428571428,
        0.9520714285714286,
        0.9581428571428572,
        0.9585,
        0.9608571428571429,
        0.9597142857142857,
        0.963,
        0.9620714285714286,
        0.9607142857142857,
        0.9678571428571429,
        0.9687857142857143,
        0.9666428571428571,
        0.9697857142857143,
        0.9692857142857143,
        0.969,
        0.9688571428571429,
        0.9687857142857143
    ],
    "val_loss": [
        0.6893026035626729,
        0.5171858755747477,
        0.45850511678059896,
        0.41864476378758747,
        0.3980653591156006,
        0.275613777478536,
        0.2337846526304881,
        0.22117601943016052,
        0.20202768691380818,
        0.18139459904034932,
        0.17781452278296153,
        0.243978595217069,
        0.18735439948240917,
        0.16295671737194062,
        0.161547986527284,
        0.16574324599901835,
        0.15392482801278431,
        0.15642026599248252,
        0.1536754871606827,
        0.15280831384658813,
        0.14649389866987864,
        0.15765633948644003,
        0.1584232702255249,
        0.13745515704154967,
        0.14629345790545145,
        0.16306623884042104,
        0.14292280439535776,
        0.1470412554939588,
        0.13609598780671756,
        0.1323676713903745,
        0.1333652082780997,
        0.14625065551698208,
        0.10326499577363332,
        0.10558123548825582,
        0.10873635419209798,
        0.09099715991814931,
        0.08476855606834094,
        0.09327420602242152,
        0.08727272589504718,
        0.0903318650474151,
        0.09199857842922211,
        0.0952811147471269,
        0.08427693323542675,
        0.0835412194430828,
        0.08231511536737283,
        0.08206911518921454,
        0.08290548119942347,
        0.08906014142930507,
        0.08294329216579596,
        0.07056286882112424
    ],
    "val_acc": [
        0.5666666666666667,
        0.7666666666666667,
        0.7916666666666666,
        0.81,
        0.8096666666666666,
        0.875,
        0.89,
        0.8926666666666667,
        0.8946666666666667,
        0.91,
        0.9103333333333333,
        0.887,
        0.9113333333333333,
        0.921,
        0.9196666666666666,
        0.9183333333333333,
        0.926,
        0.923,
        0.924,
        0.928,
        0.925,
        0.924,
        0.9266666666666666,
        0.9326666666666666,
        0.923,
        0.9226666666666666,
        0.9343333333333333,
        0.9373333333333334,
        0.9396666666666667,
        0.938,
        0.939,
        0.9433333333333334,
        0.9553333333333334,
        0.9556666666666667,
        0.9563333333333334,
        0.9643333333333334,
        0.96,
        0.9613333333333334,
        0.9626666666666667,
        0.9613333333333334,
        0.9616666666666667,
        0.9596666666666667,
        0.9646666666666667,
        0.964,
        0.966,
        0.9653333333333334,
        0.9673333333333334,
        0.968,
        0.9633333333333334,
        0.968
    ]
}