{
    "train_loss": [
        0.6867586347035,
        0.682318406036922,
        0.5847938887051174,
        0.4972895870889936,
        0.46050832213674275,
        0.43991103179114205,
        0.41383524669919697,
        0.3747337516035352,
        0.31329403705256326,
        0.2681687753030232,
        0.24362552322660175,
        0.23898035158429828,
        0.2255580628684589,
        0.2298638195821217,
        0.22007530224323274,
        0.21749865628991807,
        0.2142797340154648,
        0.21094422662258147,
        0.21014039016621452,
        0.20509442194019045,
        0.2058960657417774,
        0.1993220999794347,
        0.19779061237403325,
        0.19743922138214112,
        0.19164632824063302,
        0.1818369973727635,
        0.17883867856434413,
        0.17672496864625387,
        0.15394482913400445,
        0.15331027891167573,
        0.15337551347698483,
        0.15107519504215036
    ],
    "train_acc": [
        0.5632857142857143,
        0.5670714285714286,
        0.6987857142857142,
        0.7718571428571429,
        0.7854285714285715,
        0.7920714285714285,
        0.7980714285714285,
        0.8232857142857143,
        0.8659285714285714,
        0.8814285714285715,
        0.89,
        0.8912857142857142,
        0.8967142857142857,
        0.8951428571428571,
        0.8987857142857143,
        0.9010714285714285,
        0.9012857142857142,
        0.9055714285714286,
        0.9023571428571429,
        0.9048571428571428,
        0.9055714285714286,
        0.9102142857142858,
        0.9123571428571429,
        0.9127857142857143,
        0.9178571428571428,
        0.922,
        0.926,
        0.9271428571428572,
        0.9357142857142857,
        0.9374285714285714,
        0.9365714285714286,
        0.9376428571428571
    ],
    "val_loss": [
        0.6841338167190552,
        0.6800925992329916,
        0.49400342082977294,
        0.47432678174972537,
        0.4280360759099325,
        0.4039999972979228,
        0.47540572881698606,
        0.3194826195240021,
        0.25874646242459615,
        0.2470528828303019,
        0.26745052218437193,
        0.22185732066631317,
        0.22293326139450073,
        0.20365314761797587,
        0.21649125059445698,
        0.20619977498054504,
        0.2064638781150182,
        0.1988595475355784,
        0.23450363755226136,
        0.20261043699582418,
        0.19821698220570882,
        0.19479283607006073,
        0.21448773630460102,
        0.2042440274556478,
        0.19624899192651113,
        0.2023586614926656,
        0.2205778162876765,
        0.23421647047996522,
        0.20194144062201183,
        0.18611168853441873,
        0.19992699786027274,
        0.17623948884010315
    ],
    "val_acc": [
        0.5666666666666667,
        0.5666666666666667,
        0.7823333333333333,
        0.769,
        0.8003333333333333,
        0.8046666666666666,
        0.795,
        0.851,
        0.8913333333333333,
        0.8896666666666667,
        0.893,
        0.9013333333333333,
        0.9003333333333333,
        0.903,
        0.9006666666666666,
        0.9013333333333333,
        0.9093333333333333,
        0.907,
        0.8963333333333333,
        0.9076666666666666,
        0.9103333333333333,
        0.9126666666666666,
        0.8993333333333333,
        0.8983333333333333,
        0.9046666666666666,
        0.8986666666666666,
        0.8903333333333333,
        0.889,
        0.901,
        0.9086666666666666,
        0.8976666666666666,
        0.907
    ]
}